"Reference","Value","Footprint","Description","Quantity"
"C1, C2, C4, C11-C35, C40-C42","0.1uF","Capacitor_SMD:C_0603_1608Metric,Capacitor_SMD:C_0805_2012Metric","Place C41 by GPIO4","31"
"C3","10uF","Capacitor_SMD:C_0805_2012Metric","","1"
"C5, C6, C8, C39","2.2uF","Capacitor_SMD:C_0805_2012Metric","","4"
"C7","1.0uF","Capacitor_SMD:C_0805_2012Metric","","1"
"C9, C10","220uF","Capacitor_SMD:CP_Elec_5x5.9","","2"
"C36, C37","4.7uF","Capacitor_SMD:C_0805_2012Metric","","2"
"C38","6.8nF C0G","Capacitor_SMD:C_0805_2012Metric","","1"
"D1-D24","WS2812B","LED_SMD:LED_WS2812B_PLCC4_5.0x5.0mm_P3.2mm","","24"
"D25","CDBA540","Diode_SMD:D_SMA","","1"
"D26","RED","LED_SMD:LED_0603_1608Metric","","1"
"D27","GREEN","LED_SMD:LED_0603_1608Metric","","1"
"J1","USB_B_Micro","Connector_USB:USB_Micro-B_Molex-105017-0001","USB Micro Type B connector","1"
"J3","B2B-PH-K-S","Connector_JST:JST_PH_B2B-PH-K_1x02_P2.00mm_Vertical","","1"
"MK1","AOM-5024P-HD-MB-R","Connector_PinHeader_2.54mm:PinHeader_1x02_P2.54mm_Vertical","","1"
"Q1","DMG3415U","Package_TO_SOT_SMD:SOT-23","","1"
"R1-R6, R10, R11","10k","Resistor_SMD:R_0805_2012Metric","","8"
"R7-R9","2.2k","Resistor_SMD:R_0805_2012Metric","","3"
"R12-R14","100k","Resistor_SMD:R_0805_2012Metric","","3"
"R15, R16","470","Resistor_SMD:R_0603_1608Metric","","2"
"R17","330","Resistor_SMD:R_0805_2012Metric","","1"
"SW1","SW_SPDT","Button_Switch_THT:SW_Slide_SPDT_Angled_CK_OS102011MA1Q","","1"
"SW2","EVQQ2","Button_Switch_SMD:SW_SPST_EVQQ2","","1"
"U1","ESP32-C3-MINI-1","PCM_Espressif:ESP32-C3-MINI-1","","1"
"U2","OPA2322","Package_SO:SOIC-8_3.9x4.9mm_P1.27mm","","1"
"U3","TLV75533PDBV","Package_TO_SOT_SMD:SOT-23-5","","1"
"U4","MCP73831-2-OT","Package_TO_SOT_SMD:SOT-23-5","","1"
"U5","MCP41050","Package_SO:SOIC-8_3.9x4.9mm_P1.27mm","","1"
